Metric,Accuracy
TSTR Accuracy,0.9982795547909132
TRTR Accuracy,0.9995611109160493
